City_ID,City,Lat,Lng,Max Temp,Humidity,Cloudiness,Wind Speed,Country,Date
0,matara,5.9485,80.5353,24.01,87,42,2.99,LK,2023-04-07
1,ushuaia,-54.8,-68.3,4.81,81,75,5.14,AR,2023-04-07
2,butaritari,3.0707,172.7902,27.82,79,65,7.88,KI,2023-04-07
3,cumberland,35.0502,-78.8664,11.1,91,100,9.26,US,2023-04-07
4,mataura,-46.1927,168.8643,8.6,66,10,1.39,NZ,2023-04-07
5,luderitz,-26.6481,15.1594,16.03,71,0,7.36,NA,2023-04-07
6,jumla,29.2747,82.1838,5.64,51,0,2.28,NP,2023-04-07
7,bundaberg,-24.85,152.35,25.68,90,4,1.79,AU,2023-04-07
8,rikitea,-23.1203,-134.9692,25.0,71,69,6.01,PF,2023-04-07
9,kinkala,-4.3614,14.7644,22.15,96,98,0.5,CG,2023-04-07
10,provideniya,64.3833,-173.3,-20.06,80,48,1.63,RU,2023-04-07
11,bengkulu,-3.8004,102.2655,23.99,87,56,1.71,ID,2023-04-07
12,juneau,58.3019,-134.4197,5.68,95,100,1.54,US,2023-04-07
13,tapejara,-28.0681,-52.0139,19.21,92,97,2.98,BR,2023-04-07
14,iqaluit,63.7506,-68.5145,-19.15,71,20,11.83,CA,2023-04-07
15,arraial do cabo,-22.9661,-42.0278,25.92,78,75,3.6,BR,2023-04-07
16,dongsheng,39.8161,109.9776,0.03,44,19,3.47,CN,2023-04-07
17,fairbanks,64.8378,-147.7164,-8.84,56,0,0.0,US,2023-04-07
18,bredasdorp,-34.5322,20.0403,14.74,76,100,2.5,ZA,2023-04-07
19,soto la marina,23.7667,-98.2167,21.97,61,98,4.24,MX,2023-04-07
20,poum,-20.2333,164.0167,25.19,66,4,1.51,NC,2023-04-07
21,cape town,-33.9258,18.4232,15.62,83,75,4.12,ZA,2023-04-07
22,torbay,47.6666,-52.7314,4.04,87,75,9.26,CA,2023-04-07
23,saint-philippe,-21.3585,55.7679,24.77,86,81,3.33,RE,2023-04-07
24,kidal,18.4411,1.4078,28.1,15,24,2.82,ML,2023-04-07
25,kodiak,57.79,-152.4072,1.73,60,100,4.12,US,2023-04-07
26,key west,24.5557,-81.7826,28.33,62,0,6.17,US,2023-04-07
27,saskylakh,71.9167,114.0833,-21.26,86,99,4.93,RU,2023-04-07
28,nikolskoye,59.7035,30.7861,0.94,96,9,1.54,RU,2023-04-07
29,punta arenas,-53.15,-70.9167,4.95,88,96,7.87,CL,2023-04-07
30,sao francisco de paula,-29.4481,-50.5836,15.38,97,97,1.76,BR,2023-04-07
31,escanaba,45.7453,-87.0646,2.76,51,0,4.63,US,2023-04-07
32,east london,-33.0153,27.9116,20.61,74,88,4.82,ZA,2023-04-07
33,bilibino,68.0546,166.4372,-17.53,86,69,0.83,RU,2023-04-07
34,bluff,-46.6,168.3333,8.78,73,13,2.72,NZ,2023-04-07
35,kapaa,22.0752,-159.319,26.18,76,40,5.66,US,2023-04-07
36,atuona,-9.8,-139.0333,27.48,69,43,7.8,PF,2023-04-07
37,puerto ayora,-0.7393,-90.3518,28.98,87,99,1.79,EC,2023-04-07
38,mar del plata,-38.0023,-57.5575,20.01,85,0,6.71,AR,2023-04-07
39,lasa,46.6166,10.7002,7.49,96,100,1.47,IT,2023-04-07
40,roma,43.2128,-75.4557,6.09,47,0,8.75,US,2023-04-07
41,havelock,34.8791,-76.9013,16.0,75,100,10.29,US,2023-04-07
42,jamestown,42.097,-79.2353,5.85,48,0,5.66,US,2023-04-07
43,mwanza,-2.5167,32.9,22.03,88,40,1.54,TZ,2023-04-07
44,zhanaozen,43.3,52.8,11.19,82,97,6.54,KZ,2023-04-07
45,katsuura,35.1333,140.3,17.55,73,7,9.53,JP,2023-04-07
46,chuy,-33.6971,-53.4616,18.07,70,66,2.67,UY,2023-04-07
47,yulara,-25.2406,130.9889,16.6,51,5,3.87,AU,2023-04-07
48,beian,63.6559,9.5683,6.67,75,0,4.63,NO,2023-04-07
49,oktyabrskiy,54.4815,53.471,-0.03,75,11,1.79,RU,2023-04-07
50,palmer,42.1584,-72.3287,8.41,35,75,9.77,US,2023-04-07
51,hilo,19.7297,-155.09,25.53,76,100,4.63,US,2023-04-07
52,bryan,30.6744,-96.37,12.86,96,100,5.14,US,2023-04-07
53,tecoanapa,16.5167,-98.75,30.19,52,0,5.18,MX,2023-04-07
54,castro,-24.7911,-50.0119,16.07,97,100,1.82,BR,2023-04-07
55,cabo san lucas,22.8909,-109.9124,27.56,31,0,6.17,MX,2023-04-07
56,narsaq,60.9167,-46.05,4.12,82,100,1.07,GL,2023-04-07
57,thompson,55.7435,-97.8558,6.09,24,40,4.12,CA,2023-04-07
58,bethel,41.3712,-73.414,11.68,32,0,5.14,US,2023-04-07
59,guadalupe victoria,32.2869,-115.105,26.04,6,23,1.34,MX,2023-04-07
60,barrow,71.2906,-156.7887,-20.99,77,100,4.63,US,2023-04-07
61,oriximina,-1.7656,-55.8661,25.1,89,100,1.89,BR,2023-04-07
62,leningradskiy,69.3833,178.4167,-22.1,93,100,4.0,RU,2023-04-07
63,klyuchi,52.2667,79.1667,-4.8,75,100,7.29,RU,2023-04-07
64,angoche,-16.2325,39.9086,24.68,81,100,1.19,MZ,2023-04-07
65,avarua,-21.2078,-159.775,29.03,74,40,8.23,CK,2023-04-07
66,yellowknife,62.456,-114.3525,5.29,52,75,9.77,CA,2023-04-07
67,edgewater,28.9889,-80.9023,29.49,73,40,8.23,US,2023-04-07
68,prince rupert,54.3161,-130.3201,7.05,87,100,9.26,CA,2023-04-07
69,port elizabeth,-33.918,25.5701,19.5,80,0,2.06,ZA,2023-04-07
70,haines junction,60.7522,-137.5108,5.97,36,100,3.6,CA,2023-04-07
71,vaini,-21.2,-175.2,28.09,89,75,5.66,TO,2023-04-07
72,eureka,40.8021,-124.1637,13.75,84,96,3.58,US,2023-04-07
73,faanui,-16.4833,-151.75,28.68,76,90,7.93,PF,2023-04-07
74,salalah,17.0151,54.0924,28.05,74,20,1.54,OM,2023-04-07
75,bambous virieux,-20.3428,57.7575,24.56,94,20,1.03,MU,2023-04-07
76,busselton,-33.65,115.3333,11.56,82,0,4.73,AU,2023-04-07
77,hermanus,-34.4187,19.2345,13.22,84,100,4.17,ZA,2023-04-07
78,jardim,-21.4803,-56.1381,21.4,97,100,2.01,BR,2023-04-07
79,nynashamn,58.9034,17.9479,2.87,86,98,5.0,SE,2023-04-07
80,albany,42.6001,-73.9662,6.62,42,100,2.68,US,2023-04-07
81,port hardy,50.6996,-127.4199,10.1,62,75,5.14,CA,2023-04-07
82,belaya gora,68.5333,146.4167,-20.68,100,100,0.78,RU,2023-04-07
83,sulangan,11.1373,123.7228,26.65,79,47,7.11,PH,2023-04-07
84,ponta do sol,32.6667,-17.1,18.89,69,65,1.4,PT,2023-04-07
85,nemuro,43.3236,145.575,2.44,98,100,5.58,JP,2023-04-07
86,ribeira grande,38.5167,-28.7,11.54,72,14,0.89,PT,2023-04-07
87,daru,-9.0763,143.2092,24.53,93,100,3.09,PG,2023-04-07
88,palu,-0.8917,119.8707,23.02,90,100,0.61,ID,2023-04-07
89,kotka,60.4664,26.9458,1.59,98,54,3.12,FI,2023-04-07
90,faya,18.3851,42.4509,16.06,65,5,1.24,SA,2023-04-07
91,payo,-3.7508,103.6372,21.67,97,72,0.81,ID,2023-04-07
92,abha,18.2164,42.5053,15.9,88,0,4.12,SA,2023-04-07
93,aktash,50.3,87.7333,-6.08,88,100,1.0,RU,2023-04-07
94,alice springs,-23.7,133.8833,16.79,72,9,1.54,AU,2023-04-07
95,benguela,-12.5763,13.4055,26.44,85,91,2.1,AO,2023-04-07
96,qaanaaq,77.484,-69.3632,-25.67,74,0,2.61,GL,2023-04-07
97,khatanga,71.9667,102.5,-20.82,97,100,6.23,RU,2023-04-07
98,kropotkin,45.4375,40.5756,9.71,85,83,1.81,RU,2023-04-07
99,grantham,52.9115,-0.6418,8.34,88,4,3.09,GB,2023-04-07
100,belmonte,-15.8631,-38.8828,25.43,81,47,2.66,BR,2023-04-07
101,plettenberg bay,-34.0527,23.3716,17.62,90,86,2.35,ZA,2023-04-07
102,carnarvon,-24.8667,113.6333,21.09,60,1,5.04,AU,2023-04-07
103,cherskiy,68.75,161.3,-19.83,95,99,1.93,RU,2023-04-07
104,cidreira,-30.1811,-50.2056,20.62,75,100,4.64,BR,2023-04-07
105,saint george,37.1041,-113.5841,21.08,20,0,2.57,US,2023-04-07
106,imbituba,-28.24,-48.6703,18.89,88,100,0.48,BR,2023-04-07
107,zhigansk,66.7697,123.3711,-8.8,93,100,12.13,RU,2023-04-07
108,georgetown,5.4112,100.3354,27.96,88,20,1.54,MY,2023-04-07
109,coquimbo,-29.9533,-71.3436,16.85,82,75,5.14,CL,2023-04-07
110,geraldton,-28.7667,114.6,13.23,82,1,3.6,AU,2023-04-07
111,masyaf,35.0653,36.3406,9.84,91,10,2.82,SY,2023-04-07
112,sao filipe,14.8961,-24.4956,22.47,78,47,3.41,CV,2023-04-07
113,puerto carreno,6.189,-67.4859,34.99,41,40,2.06,CO,2023-04-07
114,alofi,-19.0595,-169.9187,28.94,70,34,5.14,NU,2023-04-07
115,aripuana,-9.1667,-60.6333,23.44,97,91,0.74,BR,2023-04-07
116,sal rei,16.1833,-22.9167,21.63,78,76,7.45,CV,2023-04-07
117,iralaya,15.0,-83.2333,27.37,64,0,4.91,HN,2023-04-07
118,viedma,-40.8135,-62.9967,15.87,67,96,5.4,AR,2023-04-07
119,te anau,-45.4167,167.7167,8.53,73,17,0.45,NZ,2023-04-07
120,praia da vitoria,38.7333,-27.0667,12.14,76,40,5.39,PT,2023-04-07
121,cedral,23.8,-100.7333,23.43,40,34,6.34,MX,2023-04-07
122,upernavik,72.7868,-56.1549,-26.81,97,52,5.43,GL,2023-04-07
123,muriti,-1.9833,32.9167,22.42,76,41,2.61,TZ,2023-04-07
124,bagdarin,54.4333,113.6,-7.23,70,88,1.15,RU,2023-04-07
125,paramirim,-13.4425,-42.2389,26.69,53,80,2.7,BR,2023-04-07
126,lunino,53.5918,45.2271,8.28,65,45,3.65,RU,2023-04-07
127,trapani,37.8333,12.6667,10.15,87,40,2.57,IT,2023-04-07
128,adrar,20.5022,-10.0711,25.93,22,98,2.11,MR,2023-04-07
129,savelugu,9.6244,-0.8253,31.51,44,92,3.06,GH,2023-04-07
130,constitucion,-35.3333,-72.4167,17.73,57,69,5.32,CL,2023-04-07
131,gold coast,-28.0,153.4333,22.24,90,18,2.57,AU,2023-04-07
132,riobamba,-1.6667,-78.6333,13.76,92,100,1.45,EC,2023-04-07
133,mashhad,36.297,59.6062,19.08,39,0,3.09,IR,2023-04-07
134,ampanihy,-24.7,44.75,22.89,87,37,2.08,MG,2023-04-07
135,hofn,64.2539,-15.2082,7.33,87,100,10.75,IS,2023-04-07
136,vila velha,-20.3297,-40.2925,26.97,87,75,2.57,BR,2023-04-07
137,coruripe,-10.1256,-36.1756,25.99,83,100,3.05,BR,2023-04-07
138,hirara,24.8,125.2833,19.15,68,75,11.83,JP,2023-04-07
139,chateaubelair,13.2833,-61.25,26.29,69,40,4.63,VC,2023-04-07
140,mudanjiang,44.5833,129.6,-1.96,36,49,2.22,CN,2023-04-07
141,bilma,18.6853,12.9164,31.0,11,10,3.65,NE,2023-04-07
142,ambunti,-4.2365,142.8448,24.1,97,100,0.29,PG,2023-04-07
143,tuatapere,-46.1333,167.6833,10.51,69,9,1.94,NZ,2023-04-07
144,si satchanalai,17.5169,99.7598,27.17,62,100,1.7,TH,2023-04-07
145,maun,-19.9833,23.4167,21.98,60,0,1.54,BW,2023-04-07
146,tuktoyaktuk,69.4541,-133.0374,-13.0,85,75,12.86,CA,2023-04-07
147,maniitsoq,65.4167,-52.9,-2.7,69,49,7.67,GL,2023-04-07
148,bathsheba,13.2167,-59.5167,27.34,65,20,9.26,BB,2023-04-07
149,ambatofinandrahana,-20.55,46.8,16.2,97,100,0.76,MG,2023-04-07
150,gat,31.61,34.7642,18.78,67,2,1.25,IL,2023-04-07
151,teahupoo,-17.8333,-149.2667,25.98,79,100,8.76,PF,2023-04-07
152,samarai,-10.6167,150.6667,28.18,77,100,2.24,PG,2023-04-07
153,itacoatiara,-3.1431,-58.4442,24.66,92,100,1.63,BR,2023-04-07
154,ilulissat,69.2167,-51.1,-5.99,58,78,6.17,GL,2023-04-07
155,rupert,42.6191,-113.6772,11.97,30,100,6.17,US,2023-04-07
156,northam,51.0333,-4.2167,8.67,73,51,3.43,GB,2023-04-07
157,buraydah,26.326,43.975,21.25,44,99,4.15,SA,2023-04-07
158,komsomolskiy,40.4272,71.7189,18.4,34,99,2.06,UZ,2023-04-07
159,oranjestad,12.524,-70.027,27.97,80,40,9.26,AW,2023-04-07
160,rocha,-34.4833,-54.3333,16.11,78,89,2.19,UY,2023-04-07
161,kangaatsiaq,68.3065,-53.4641,-15.66,99,81,1.19,GL,2023-04-07
162,vao,-22.6667,167.4833,23.94,72,4,3.52,NC,2023-04-07
163,caravelas,-17.7125,-39.2481,24.39,87,39,2.44,BR,2023-04-07
164,talcahuano,-36.7167,-73.1167,19.82,56,0,4.12,CL,2023-04-07
165,griffith,41.5284,-87.4237,13.38,43,0,5.14,US,2023-04-07
166,tilichiki,60.4667,166.1,-12.42,88,30,0.41,RU,2023-04-07
167,hithadhoo,-0.6,73.0833,27.68,66,45,1.15,MV,2023-04-07
168,lavrentiya,65.5833,-171.0,-19.64,73,100,2.65,RU,2023-04-07
169,qeshm,26.9581,56.2719,21.93,83,0,3.61,IR,2023-04-07
170,pevek,69.7008,170.3133,-26.51,96,75,1.21,RU,2023-04-07
171,kavieng,-2.5744,150.7967,27.58,82,98,5.01,PG,2023-04-07
172,novozavidovskiy,56.55,36.4333,1.57,78,7,2.47,RU,2023-04-07
173,tabou,4.423,-7.3528,26.73,85,100,2.53,CI,2023-04-07
174,new norfolk,-42.7826,147.0587,12.72,74,85,0.89,AU,2023-04-07
175,port alfred,-33.5906,26.891,16.21,85,79,0.45,ZA,2023-04-07
176,kaitangata,-46.2817,169.8464,10.45,69,7,1.4,NZ,2023-04-07
177,naze,28.3667,129.4833,15.51,64,60,8.72,JP,2023-04-07
178,jeremie,18.65,-74.1167,25.89,66,14,2.37,HT,2023-04-07
179,porto novo,6.4965,2.6036,27.84,81,100,4.07,BJ,2023-04-07
180,margate,51.3813,1.3862,6.5,85,6,2.06,GB,2023-04-07
181,linhares,-19.3911,-40.0722,24.36,84,84,1.7,BR,2023-04-07
182,aykhal,66.0,111.5,-29.73,93,88,9.21,RU,2023-04-07
183,bandarbeyla,9.4942,50.8122,26.85,70,21,2.94,SO,2023-04-07
184,camacha,33.0833,-16.3333,15.68,59,40,4.12,PT,2023-04-07
185,jequie,-13.8575,-40.0836,22.8,96,81,1.42,BR,2023-04-07
186,esperance,-33.8667,121.9,15.17,76,100,6.0,AU,2023-04-07
187,shentala,54.45,51.4833,0.43,66,11,3.96,RU,2023-04-07
188,cap malheureux,-19.9842,57.6142,24.7,79,32,1.34,MU,2023-04-07
189,jennersdorf,46.9385,16.1416,7.47,73,100,1.04,AT,2023-04-07
190,atar,20.5169,-13.0499,27.06,17,94,1.01,MR,2023-04-07
191,ibra,22.6906,58.5334,22.86,60,3,2.62,OM,2023-04-07
192,victoria,22.2855,114.1577,21.29,69,100,0.89,HK,2023-04-07
193,vardo,70.3705,31.1107,3.99,81,75,1.54,NO,2023-04-07
194,turayf,31.6725,38.6637,20.14,15,0,3.09,SA,2023-04-07
195,rosamorada,22.1222,-105.2058,31.55,22,0,4.95,MX,2023-04-07
196,yar-sale,66.8333,70.8333,-1.61,88,100,8.56,RU,2023-04-07
197,boysun,38.2061,67.1986,14.18,42,86,3.78,UZ,2023-04-07
198,svetlyy,54.675,20.1347,10.03,93,99,2.49,RU,2023-04-07
199,sao jose da coroa grande,-8.8978,-35.1478,26.47,80,84,3.51,BR,2023-04-07
200,oussouye,12.485,-16.5469,24.05,70,25,4.55,SN,2023-04-07
201,bocas del toro,9.3333,-82.25,26.72,70,83,2.93,PA,2023-04-07
202,alugan,12.2188,125.4808,24.98,85,100,0.76,PH,2023-04-07
203,suba,10.8438,121.0102,27.3,73,44,7.47,PH,2023-04-07
204,dolores,-36.3132,-57.6792,17.14,70,4,3.66,AR,2023-04-07
205,ekibastuz,51.6667,75.3667,-5.73,72,100,6.56,KZ,2023-04-07
206,batagay-alyta,67.8006,130.4114,-25.18,98,100,0.55,RU,2023-04-07
207,labuhan,-6.8844,112.2051,24.81,85,92,2.85,ID,2023-04-07
208,anadyr,64.75,177.4833,-22.72,84,0,2.0,RU,2023-04-07
209,olafsvik,64.8945,-23.7142,6.59,80,99,17.33,IS,2023-04-07
210,katangli,51.7102,143.2326,-1.94,96,100,5.59,RU,2023-04-07
211,lagoa,39.05,-27.9833,12.7,62,5,5.34,PT,2023-04-07
212,tromso,69.6496,18.957,2.01,80,75,5.14,NO,2023-04-07
213,houma,29.5958,-90.7195,23.33,91,100,3.09,US,2023-04-07
214,tura,25.5198,90.2201,21.16,44,68,1.31,IN,2023-04-07
215,la ronge,55.1001,-105.2842,7.14,26,0,9.77,CA,2023-04-07
216,lompoc,34.6391,-120.4579,22.23,68,75,6.26,US,2023-04-07
217,sao gabriel da cachoeira,-0.1303,-67.0892,25.06,94,99,0.54,BR,2023-04-07
218,ukiah,39.1502,-123.2078,15.94,57,20,2.24,US,2023-04-07
219,mozarlandia,-14.7447,-50.5706,25.92,70,64,0.29,BR,2023-04-07
220,vryburg,-26.9566,24.7284,18.41,46,4,3.19,ZA,2023-04-07
221,magaria,12.9983,8.9099,28.54,12,97,0.06,NE,2023-04-07
222,kinsale,51.7075,-8.5306,8.65,87,40,5.66,IE,2023-04-07
223,itaqui,-29.1253,-56.5531,22.06,61,57,5.06,BR,2023-04-07
224,kalianget,-7.05,113.9333,25.77,82,100,2.4,ID,2023-04-07
225,kununurra,-15.7667,128.7333,25.99,89,100,0.51,AU,2023-04-07
226,krasnyy chikoy,50.3643,108.7512,-3.77,76,8,1.08,RU,2023-04-07
227,grand gaube,-20.0064,57.6608,24.65,79,36,1.34,MU,2023-04-07
228,abu samrah,35.3029,37.1841,11.61,70,3,3.21,SY,2023-04-07
229,marsh harbour,26.5412,-77.0636,24.42,73,35,6.45,BS,2023-04-07
230,weligama,5.9667,80.4167,23.99,87,41,3.03,LK,2023-04-07
231,avera,33.194,-82.5271,26.73,85,99,8.69,US,2023-04-07
232,dunedin,-45.8742,170.5036,12.82,46,4,3.74,NZ,2023-04-07
233,teupasenti,14.2167,-86.7,31.67,21,6,3.06,HN,2023-04-07
234,cordoba,-31.4135,-64.1811,25.47,76,75,3.09,AR,2023-04-07
235,cuamba,-14.8031,36.5372,19.8,96,69,0.28,MZ,2023-04-07
236,souillac,-20.5167,57.5167,24.21,94,20,1.03,MU,2023-04-07
237,taoudenni,22.6783,-3.9836,27.01,11,0,4.31,ML,2023-04-07
238,vanavara,60.34,102.2797,-23.82,90,12,4.15,RU,2023-04-07
239,saldanha,-33.0117,17.9442,15.03,82,100,9.44,ZA,2023-04-07
240,padang,-0.9492,100.3543,24.03,88,96,1.62,ID,2023-04-07
241,walvis bay,-22.9575,14.5053,16.69,84,49,4.8,NA,2023-04-07
242,yaan,7.3833,8.5667,28.32,66,74,5.46,NG,2023-04-07
243,comodoro rivadavia,-45.8667,-67.5,15.92,48,0,6.17,AR,2023-04-07
244,airai,-8.9266,125.4092,14.81,88,100,0.71,TL,2023-04-07
245,ota,36.3,139.3667,14.76,61,97,1.96,JP,2023-04-07
246,chapais,49.7834,-74.8492,-5.12,75,94,6.24,CA,2023-04-07
247,batemans bay,-35.7167,150.1833,14.57,75,92,2.7,AU,2023-04-07
248,havre-saint-pierre,50.2334,-63.5986,1.2,44,75,9.77,CA,2023-04-07
249,darnah,32.767,22.6367,13.87,65,100,4.43,LY,2023-04-07
250,hvolsvollur,63.7533,-20.2243,7.24,74,100,10.89,IS,2023-04-07
251,kahului,20.8947,-156.47,27.01,68,40,10.8,US,2023-04-07
252,kawalu,-7.3817,108.2082,21.17,92,88,0.79,ID,2023-04-07
253,lebu,-37.6167,-73.65,13.57,72,98,7.23,CL,2023-04-07
254,ullapool,57.8987,-5.1604,5.35,88,7,2.9,GB,2023-04-07
255,parana,-31.732,-60.5238,25.84,70,37,2.72,AR,2023-04-07
256,carrollton,32.9537,-96.8903,17.58,59,100,4.63,US,2023-04-07
257,kaabong,3.4836,34.1492,20.67,65,66,5.7,UG,2023-04-07
258,bani,18.2833,-70.3333,25.69,70,19,5.91,DO,2023-04-07
259,srivardhan,18.0333,73.0167,26.21,78,14,0.53,IN,2023-04-07
260,ancud,-41.8697,-73.8203,12.42,78,100,1.41,CL,2023-04-07
261,san felipe,10.3399,-68.7425,25.38,83,80,2.77,VE,2023-04-07
262,asfi,32.2994,-9.2372,17.86,78,61,1.24,MA,2023-04-07
263,saint-francois,46.4154,3.9054,4.98,93,0,0.0,FR,2023-04-07
264,dudinka,69.4058,86.1778,-34.8,98,81,3.0,RU,2023-04-07
265,chokurdakh,70.6333,147.9167,-25.4,99,54,1.44,RU,2023-04-07
266,hovd,48.0056,91.6419,2.56,30,97,3.58,MN,2023-04-07
267,kilindoni,-7.9139,39.6668,27.18,79,58,4.34,TZ,2023-04-07
268,iskateley,67.6803,53.1512,0.04,87,77,7.8,RU,2023-04-07
269,cape canaveral,28.4058,-80.6048,29.0,70,0,8.23,US,2023-04-07
270,razgrad,43.5333,26.5167,4.98,83,100,1.97,BG,2023-04-07
271,qaqortoq,60.7167,-46.0333,-0.73,86,100,0.8,GL,2023-04-07
272,dikson,73.5069,80.5464,-34.94,97,6,4.02,RU,2023-04-07
273,egvekinot,66.3167,-179.1667,-21.64,85,94,0.33,RU,2023-04-07
274,lima,-12.0432,-77.0282,26.14,69,20,7.2,PE,2023-04-07
275,togur,58.3631,82.8265,-15.28,91,12,2.67,RU,2023-04-07
276,gijon,43.5357,-5.6615,15.25,89,100,4.47,ES,2023-04-07
277,mattru,7.6244,-11.8332,25.77,86,63,1.03,SL,2023-04-07
278,broome,42.2506,-75.833,5.85,50,0,5.66,US,2023-04-07
279,ahipara,-35.1667,173.1667,18.54,67,99,3.55,NZ,2023-04-07
280,mehamn,71.0357,27.8492,2.95,93,100,0.0,NO,2023-04-07
281,axim,4.8699,-2.2405,27.52,82,84,3.67,GH,2023-04-07
282,monte alegre,-2.0078,-54.0692,25.88,77,99,1.29,BR,2023-04-07
283,catamarca,-28.4696,-65.7852,27.65,54,76,1.34,AR,2023-04-07
284,high prairie,55.4334,-116.4858,11.52,65,91,2.75,CA,2023-04-07
285,los llanos de aridane,28.6585,-17.9182,16.86,76,100,2.06,ES,2023-04-07
286,hobart,-42.8794,147.3294,12.92,76,40,5.14,AU,2023-04-07
287,fortuna,40.5982,-124.1573,12.59,90,99,1.79,US,2023-04-07
288,puerto escondido,15.85,-97.0667,32.46,70,0,4.12,MX,2023-04-07
289,najran,17.4924,44.1277,23.36,44,54,3.07,SA,2023-04-07
290,port blair,11.6667,92.75,25.94,83,24,1.51,IN,2023-04-07
291,port moresby,-9.4431,147.1797,23.68,100,100,5.14,PG,2023-04-07
292,tambovka,50.0969,128.0489,-2.28,63,2,3.91,RU,2023-04-07
293,wajima,37.4,136.9,10.98,78,100,7.37,JP,2023-04-07
294,mukhen,48.1,136.1,0.91,76,79,2.32,RU,2023-04-07
295,amga,60.8953,131.9608,-10.36,84,100,3.55,RU,2023-04-07
296,san cristobal,7.7669,-72.225,22.1,58,100,1.1,VE,2023-04-07
297,khandyga,62.6667,135.6,-18.55,82,100,2.53,RU,2023-04-07
298,hualmay,-11.0964,-77.6139,26.42,71,100,4.95,PE,2023-04-07
299,pacific grove,36.6177,-121.9166,15.79,76,100,5.81,US,2023-04-07
300,muli,2.9167,73.5667,28.17,66,87,1.23,MV,2023-04-07
301,severo-kurilsk,50.6789,156.125,0.38,97,100,10.69,RU,2023-04-07
302,balkanabat,39.5108,54.3671,15.81,56,0,2.89,TM,2023-04-07
303,mehran,33.1222,46.1646,20.64,24,0,2.91,IR,2023-04-07
304,tocopilla,-22.092,-70.1979,22.24,72,0,2.62,CL,2023-04-07
305,sao raimundo nonato,-9.0153,-42.6994,27.54,51,90,1.48,BR,2023-04-07
306,marystown,47.1666,-55.1483,2.14,100,87,6.26,CA,2023-04-07
307,tasiilaq,65.6145,-37.6368,0.09,90,100,22.0,GL,2023-04-07
308,baculin,7.4525,126.5842,25.07,83,100,2.26,PH,2023-04-07
309,saint-georges,12.0564,-61.7485,27.82,69,20,12.35,GD,2023-04-07
310,jacqueville,5.2052,-4.4146,27.62,85,93,4.98,CI,2023-04-07
311,kaihua,23.3687,104.28,16.76,89,100,2.62,CN,2023-04-07
312,sitka,57.0531,-135.33,3.94,87,100,0.0,US,2023-04-07
313,aswan,24.0934,32.907,28.61,10,0,2.57,EG,2023-04-07
314,copacabana,6.3463,-75.5089,24.19,57,40,10.8,CO,2023-04-07
315,cayenne,4.9333,-52.3333,27.02,69,75,4.12,GF,2023-04-07
316,skjervoy,70.0311,20.9714,1.0,99,100,3.42,NO,2023-04-07
317,guerrero negro,27.9769,-114.0611,20.73,37,8,6.7,MX,2023-04-07
318,semirom,31.4167,51.5667,6.61,55,2,1.23,IR,2023-04-07
319,nome,64.5011,-165.4064,-20.47,77,0,2.06,US,2023-04-07
320,pacifica,37.6138,-122.4869,15.36,88,40,7.72,US,2023-04-07
321,krasnoselkup,65.7,82.4667,-8.47,96,100,2.56,RU,2023-04-07
322,genhe,50.7833,121.5167,-5.57,59,36,1.48,CN,2023-04-07
323,bontang,0.1333,117.5,23.73,91,99,1.52,ID,2023-04-07
324,touros,-5.1989,-35.4608,26.16,83,42,4.13,BR,2023-04-07
325,qiongshan,20.0058,110.3542,21.99,100,100,6.0,CN,2023-04-07
326,bonito,-21.1211,-56.4819,21.18,97,100,2.09,BR,2023-04-07
327,clyde river,70.4692,-68.5914,-18.87,71,0,5.66,CA,2023-04-07
328,port-gentil,-0.7193,8.7815,27.98,83,20,3.6,GA,2023-04-07
329,chihuahua,28.5,-106.0,20.46,17,0,3.99,MX,2023-04-07
330,longyearbyen,78.2186,15.6401,-9.09,73,75,6.17,SJ,2023-04-07
331,santiago del estero,-27.7951,-64.2615,25.06,67,80,2.57,AR,2023-04-07
332,santa cruz,-17.8,-63.1667,28.03,57,75,6.17,BO,2023-04-07
333,puerto del rosario,28.5004,-13.8627,18.86,63,20,4.12,ES,2023-04-07
334,valparaiso,-33.0393,-71.6273,23.13,60,0,2.57,CL,2023-04-07
335,khani,41.9563,42.9566,5.76,98,100,1.07,GE,2023-04-07
336,evensk,61.95,159.2333,-14.29,84,41,0.69,RU,2023-04-07
337,yaroslavskiy,44.1683,132.2072,0.77,42,1,1.63,RU,2023-04-07
338,kajiado,-1.8524,36.7768,15.32,92,54,4.16,KE,2023-04-07
339,xushan,30.1764,121.2457,6.96,82,3,1.39,CN,2023-04-07
340,general bravo,25.8,-99.1667,14.81,88,100,7.6,MX,2023-04-07
341,sabancuy,18.9667,-91.1833,30.03,60,0,5.29,MX,2023-04-07
342,papar,5.7333,115.9333,24.0,86,47,1.33,MY,2023-04-07
343,patiya,22.2931,91.9762,21.62,55,1,1.69,BD,2023-04-07
344,kangavar,34.5043,47.9653,8.66,42,0,1.15,IR,2023-04-07
345,veraval,20.9,70.3667,25.66,67,38,4.85,IN,2023-04-07
346,meulaboh,4.1363,96.1285,24.23,89,100,1.93,ID,2023-04-07
347,mahendranagar,28.9167,80.3333,21.06,34,3,2.24,NP,2023-04-07
348,paka,4.6374,103.4368,25.96,94,95,0.0,MY,2023-04-07
349,ler,8.3018,30.1418,30.58,29,14,1.01,SS,2023-04-07
350,namibe,-15.1961,12.1522,25.58,73,100,0.34,AO,2023-04-07
351,saint-augustin,51.226,-58.6502,1.14,56,98,6.97,CA,2023-04-07
352,kyra,49.5776,111.9753,-3.16,72,27,1.32,RU,2023-04-07
353,kerecsend,47.8,20.35,2.22,97,100,2.15,HU,2023-04-07
354,tsaratanana,-16.7833,47.65,21.79,86,84,3.03,MG,2023-04-07
355,bhander,25.7333,78.75,25.33,17,7,1.54,IN,2023-04-07
356,nabire,-3.3667,135.4833,24.13,90,95,1.37,ID,2023-04-07
357,agua dulce,18.1333,-94.1333,24.88,69,0,6.67,MX,2023-04-07
358,mount gambier,-37.8333,140.7667,12.55,77,86,4.7,AU,2023-04-07
359,taksimo,56.3444,114.8794,-11.94,89,68,0.62,RU,2023-04-07
360,codrington,-38.2667,141.9667,13.12,76,74,7.73,AU,2023-04-07
361,tiksi,71.6872,128.8694,-24.22,99,87,4.07,RU,2023-04-07
362,chumikan,54.7183,135.315,-6.41,94,100,5.58,RU,2023-04-07
363,huarmey,-10.0681,-78.1522,26.83,71,100,3.51,PE,2023-04-07
364,tanout,14.9709,8.8879,30.11,10,12,2.47,NE,2023-04-07
365,avdon,54.6667,55.7167,0.14,43,0,4.0,RU,2023-04-07
366,zheleznodorozhnyy,55.7503,38.0042,4.49,60,43,2.6,RU,2023-04-07
367,kashi,39.4547,75.9797,8.56,31,14,2.0,CN,2023-04-07
368,port lincoln,-34.7333,135.8667,16.11,69,100,5.05,AU,2023-04-07
369,hecun,36.5333,114.1111,7.93,44,87,2.19,CN,2023-04-07
370,kruisfontein,-34.0033,24.7314,18.27,85,27,3.61,ZA,2023-04-07
371,kokkola,63.8385,23.1307,-0.91,89,0,1.54,FI,2023-04-07
372,itarema,-2.9248,-39.9167,25.46,85,81,3.28,BR,2023-04-07
373,rajshahi,24.3667,88.6,24.94,27,4,1.28,BD,2023-04-07
374,la asuncion,11.0333,-63.8628,25.27,75,95,9.43,VE,2023-04-07
375,baghdad,33.3406,44.4009,18.95,45,0,3.09,IQ,2023-04-07
376,norman wells,65.282,-126.8329,-8.98,67,75,10.29,CA,2023-04-07
377,barranca,-10.75,-77.7667,26.55,67,100,5.06,PE,2023-04-07
378,tulagi,-9.0996,160.1476,27.72,76,79,2.59,SB,2023-04-07
379,oksfjord,70.2396,22.3479,2.1,99,100,2.4,NO,2023-04-07
380,zemio,5.0314,25.1361,23.53,63,40,1.12,CF,2023-04-07
381,chicama,-7.8447,-79.1469,28.3,65,96,3.7,PE,2023-04-07
382,nagato,34.3833,131.2,9.44,53,65,8.09,JP,2023-04-07
383,leshukonskoye,64.8989,45.7622,-4.88,93,73,2.6,RU,2023-04-07
384,newport,51.5877,-2.9984,9.69,75,88,1.31,GB,2023-04-07
385,lorengau,-2.0226,147.2712,26.62,84,100,4.86,PG,2023-04-07
386,fort nelson,58.8053,-122.7002,14.77,31,75,2.06,CA,2023-04-07
387,montepuez,-13.1256,38.9997,20.15,97,100,1.31,MZ,2023-04-07
388,aksarka,66.5606,67.7975,-1.74,84,100,5.89,RU,2023-04-07
389,honiara,-9.4333,159.95,28.45,75,77,1.16,SB,2023-04-07
390,monrovia,6.3005,-10.7969,26.87,83,22,3.12,LR,2023-04-07
391,esmeraldas,-19.7625,-44.3139,23.58,83,90,0.96,BR,2023-04-07
392,broken hill,-31.95,141.4333,14.39,77,0,6.63,AU,2023-04-07
393,maceio,-9.6658,-35.7353,27.69,83,40,5.14,BR,2023-04-07
394,laguna,38.421,-121.4238,16.7,67,100,5.14,US,2023-04-07
395,moerai,-22.4333,-151.3333,26.26,76,17,5.73,PF,2023-04-07
396,aranos,-24.1333,19.1167,23.71,31,67,1.97,NA,2023-04-07
397,hanting,36.7708,119.2108,5.77,46,0,3.79,CN,2023-04-07
398,qasigiannguit,68.8193,-51.1922,-5.86,92,74,1.67,GL,2023-04-07
399,myaundzha,63.0494,147.1858,-20.15,98,100,0.63,RU,2023-04-07
400,russell,32.3502,-85.1999,28.34,51,0,0.0,US,2023-04-07
401,shizunai,42.3339,142.3669,6.42,93,86,2.5,JP,2023-04-07
402,tignere,7.3667,12.65,24.54,45,80,0.84,CM,2023-04-07
403,siderno,38.2779,16.302,9.08,79,23,2.35,IT,2023-04-07
404,saint anthony,45.0205,-93.218,10.51,51,0,6.69,US,2023-04-07
405,tulsipur,28.131,82.2973,18.87,27,0,2.76,NP,2023-04-07
406,martapura,-3.4167,114.85,24.05,100,100,1.03,ID,2023-04-07
407,san patricio,28.017,-97.5169,17.92,86,100,6.04,US,2023-04-07
408,piney green,34.716,-77.3202,15.97,98,100,8.23,US,2023-04-07
409,moose factory,51.2585,-80.6094,-2.0,39,0,6.69,CA,2023-04-07
410,pitimbu,-7.4706,-34.8086,28.33,79,29,4.54,BR,2023-04-07
411,nantucket,41.2835,-70.0995,12.06,63,20,7.72,US,2023-04-07
412,solnechnyy,50.7214,136.6319,-2.83,81,100,2.87,RU,2023-04-07
413,college,64.8569,-147.8028,-8.84,56,0,0.0,US,2023-04-07
414,san quintin,30.4833,-115.95,17.5,57,7,7.93,MX,2023-04-07
415,acarau,-2.8856,-40.12,26.16,83,90,3.81,BR,2023-04-07
416,bulgan,48.8125,103.5347,-0.1,40,4,2.47,MN,2023-04-07
417,kabanjahe,3.1001,98.4908,17.1,98,100,0.53,ID,2023-04-07
418,lamballe,48.4676,-2.5144,9.48,93,97,3.08,FR,2023-04-07
419,talnakh,69.4865,88.3972,-36.75,97,34,1.69,RU,2023-04-07
420,bogorodskoye,56.55,37.8833,1.0,72,0,2.59,RU,2023-04-07
421,ringebu,61.5167,10.1667,-1.69,95,100,0.4,NO,2023-04-07
422,sargatskoye,55.6101,73.4972,-8.18,67,6,3.18,RU,2023-04-07
423,bonavista,48.6499,-53.1147,1.59,88,90,6.37,CA,2023-04-07
424,wadena,46.4425,-95.1361,6.02,33,0,4.12,US,2023-04-07
425,westport,41.1415,-73.3579,12.38,31,0,7.2,US,2023-04-07
426,turtas,58.9417,69.1325,-10.71,80,77,3.95,RU,2023-04-07
427,storsteinnes,69.2408,19.2344,2.36,98,100,1.74,NO,2023-04-07
428,muyezerskiy,63.9333,31.65,-0.9,95,64,3.81,RU,2023-04-07
429,yagodnoye,62.55,149.6667,-17.9,88,14,1.26,RU,2023-04-07
430,halifax,44.6453,-63.5724,9.16,44,93,11.83,CA,2023-04-07
431,karatuzskoye,53.6072,92.8667,-2.27,86,100,5.44,RU,2023-04-07
432,iskele,39.484,26.9278,9.05,81,0,3.6,TR,2023-04-07
433,duekoue,6.7472,-7.3496,24.32,87,18,1.3,CI,2023-04-07
434,riyadh,24.6877,46.7219,26.08,16,55,2.2,SA,2023-04-07
435,snyder,32.7179,-100.9176,20.61,27,0,6.17,US,2023-04-07
436,ketchikan,55.3422,-131.6461,8.26,76,75,7.2,US,2023-04-07
437,mae sai,20.4335,99.8762,23.12,39,95,0.97,TH,2023-04-07
438,dolny kubin,49.2098,19.3034,1.33,99,100,0.72,SK,2023-04-07
439,iberia,29.9502,-91.7507,18.0,88,100,7.2,US,2023-04-07
440,belmopan,17.25,-88.7667,36.21,40,0,3.98,BZ,2023-04-07
441,portland,45.5234,-122.6762,13.62,88,100,6.17,US,2023-04-07
442,hanzhong,33.0728,107.0303,11.08,66,84,0.43,CN,2023-04-07
443,gornyak,50.9942,81.4661,-0.24,79,100,5.91,RU,2023-04-07
444,kimberley,-28.7323,24.7623,17.83,63,66,3.09,ZA,2023-04-07
445,sestri levante,44.2732,9.3968,12.02,84,100,1.34,IT,2023-04-07
446,leon valley,29.4952,-98.6186,13.08,93,100,4.63,US,2023-04-07
447,kinston,35.2627,-77.5816,12.31,93,100,7.72,US,2023-04-07
448,henties bay,-22.116,14.2845,15.74,92,9,1.58,NA,2023-04-07
449,palmas,-10.2128,-48.3603,29.93,66,40,1.54,BR,2023-04-07
450,kabansk,52.0486,106.6528,0.08,75,6,2.46,RU,2023-04-07
451,hamada,34.8833,132.0833,8.8,61,86,6.44,JP,2023-04-07
452,ayagoz,47.9714,80.4392,1.77,96,100,7.61,KZ,2023-04-07
453,nastola,60.95,25.9333,-0.65,98,58,1.3,FI,2023-04-07
454,muroto,33.2833,134.15,14.13,62,12,6.96,JP,2023-04-07
455,aljezur,37.3191,-8.8033,13.51,60,6,2.81,PT,2023-04-07
456,irtyshskiy,58.3333,68.1333,-9.58,74,49,3.62,RU,2023-04-07
457,uribia,11.7139,-72.266,30.96,48,75,7.55,CO,2023-04-07
458,rio gallegos,-51.6226,-69.2181,13.03,21,20,13.38,AR,2023-04-07
459,tautira,-17.7333,-149.15,27.99,79,100,8.79,PF,2023-04-07
460,porto velho,-8.7619,-63.9039,28.03,78,0,1.03,BR,2023-04-07
461,sao joao da barra,-21.6403,-41.0511,26.05,87,29,3.71,BR,2023-04-07
462,klaksvik,62.2266,-6.589,7.51,90,13,9.69,FO,2023-04-07
463,sebastian,35.1668,-94.2669,19.39,44,100,3.21,US,2023-04-07
464,macklin,52.3334,-109.9348,1.19,95,7,7.04,CA,2023-04-07
465,torrevieja,37.9787,-0.6822,15.46,71,0,2.77,ES,2023-04-07
466,kieta,-6.2167,155.6333,28.37,71,88,1.46,PG,2023-04-07
467,union,40.6334,-74.2663,12.95,31,0,6.17,US,2023-04-07
468,tezu,27.9167,96.1667,19.1,55,24,2.15,IN,2023-04-07
469,ilinskiy,55.619,38.1182,4.58,48,0,2.0,RU,2023-04-07
470,porbandar,21.6422,69.6093,25.2,70,55,4.77,IN,2023-04-07
471,coihaique,-45.5752,-72.0662,12.34,54,0,4.63,CL,2023-04-07
472,kupang,-10.1667,123.5833,24.91,83,100,3.42,ID,2023-04-07
473,araouane,18.9048,-3.5265,27.61,15,99,4.08,ML,2023-04-07
474,poya,-21.35,165.15,25.47,67,0,0.42,NC,2023-04-07
475,aklavik,68.2191,-135.0107,-12.26,85,100,4.41,CA,2023-04-07
476,panino,51.6467,40.1346,7.96,63,89,4.82,RU,2023-04-07
477,hobyo,5.3505,48.5268,27.51,66,11,6.52,SO,2023-04-07
478,kaya,13.0917,-1.0844,32.95,29,61,1.56,BF,2023-04-07
479,ugoofaaru,5.6667,73.0,27.99,73,16,2.93,MV,2023-04-07
480,maarianhamina,60.0973,19.9348,1.01,93,40,3.09,AX,2023-04-07
481,ucluelet,48.9329,-125.5528,9.49,81,100,3.4,CA,2023-04-07
482,xam nua,20.4197,104.0439,18.55,91,83,1.24,LA,2023-04-07
483,vila franca do campo,37.7167,-25.4333,11.23,63,43,5.09,PT,2023-04-07
484,harper,4.375,-7.7169,26.83,85,100,2.95,LR,2023-04-07
485,lubango,-14.9172,13.4925,17.92,82,75,3.09,AO,2023-04-07
486,alexandria,31.2156,29.9553,16.3,78,52,6.16,EG,2023-04-07
487,hay river,60.8156,-115.7999,10.99,40,40,7.72,CA,2023-04-07
488,kailua,21.4022,-157.7394,26.99,78,100,6.69,US,2023-04-07
489,deputatskiy,69.3,139.9,-26.07,100,100,1.26,RU,2023-04-07
490,ronneby,56.21,15.276,3.28,93,100,4.63,SE,2023-04-07
491,shelburne,44.0787,-80.2041,3.75,53,0,5.31,CA,2023-04-07
492,port hawkesbury,45.6169,-61.3485,3.43,77,100,4.02,CA,2023-04-07
493,nizhniy kuranakh,58.8353,125.4869,-8.42,86,100,2.21,RU,2023-04-07
494,sur,22.5667,59.5289,25.15,70,7,5.29,OM,2023-04-07
495,kokorevka,52.5872,34.2778,9.0,74,100,2.83,RU,2023-04-07
496,taizhou,32.4933,119.9106,5.31,72,30,1.49,CN,2023-04-07
497,saint-louis,16.3333,-15.0,30.8,20,88,7.65,SN,2023-04-07
498,yuli,9.6989,10.2744,32.21,27,87,1.4,NG,2023-04-07
499,muros,42.7762,-9.0603,12.27,73,56,1.69,ES,2023-04-07
500,batagay,67.6333,134.6333,-22.13,86,72,2.62,RU,2023-04-07
501,shahr-e babak,30.1165,55.1186,13.67,30,4,1.66,IR,2023-04-07
502,sobolevo,54.4299,31.8996,7.1,78,100,3.31,RU,2023-04-07
503,tambacounda,13.7539,-13.7586,34.03,21,0,2.06,SN,2023-04-07
504,creston,41.0586,-94.3614,17.98,20,0,6.17,US,2023-04-07
505,coos bay,43.3665,-124.2179,11.66,85,100,6.69,US,2023-04-07
506,moron,-34.6534,-58.6198,24.4,69,0,3.01,AR,2023-04-07
507,chadiza,-14.0678,32.4392,17.32,96,80,1.27,ZM,2023-04-07
508,wewak,-3.5534,143.6268,26.05,83,100,1.75,PG,2023-04-07
509,normandin,48.8333,-72.5321,-3.83,54,100,9.26,CA,2023-04-07
510,ponta pora,-22.5361,-55.7256,23.95,73,20,3.09,BR,2023-04-07
511,onufriyivka,48.9072,33.4487,8.09,91,100,3.78,UA,2023-04-07
512,ostrovnoy,68.0531,39.5131,-0.55,91,90,8.19,RU,2023-04-07
513,colares,38.7992,-9.4469,17.41,56,8,4.02,PT,2023-04-07
514,ayni,39.3941,68.5377,10.01,69,97,3.27,TJ,2023-04-07
515,sambava,-14.2667,50.1667,24.07,89,17,3.61,MG,2023-04-07
516,isangel,-19.55,169.2667,27.59,68,1,1.4,VU,2023-04-07
517,lakes entrance,-37.8811,147.981,15.09,84,100,8.26,AU,2023-04-07
518,hasaki,35.7333,140.8333,16.23,79,38,3.88,JP,2023-04-07
519,emba,48.8264,58.1442,4.73,78,95,9.06,KZ,2023-04-07
520,lazaro cardenas,17.9583,-102.2,29.29,48,0,4.85,MX,2023-04-07
521,castrovillari,39.8203,16.2123,3.49,87,23,1.98,IT,2023-04-07
522,mahebourg,-20.4081,57.7,24.58,94,20,1.03,MU,2023-04-07
523,liepaja,56.5419,21.0367,8.99,66,0,2.57,LV,2023-04-07
524,erenhot,43.6475,111.9767,2.6,30,0,6.42,CN,2023-04-07
525,qinggang,46.6833,126.0833,-2.16,70,20,3.46,CN,2023-04-07
526,yenagoa,4.9247,6.2642,25.6,92,90,1.91,NG,2023-04-07
527,temerloh,3.4483,102.4176,23.32,98,72,0.45,MY,2023-04-07
528,talara,-4.5772,-81.2719,28.42,83,0,5.14,PE,2023-04-07
529,lebrija,36.9208,-6.0753,16.91,35,0,2.06,ES,2023-04-07
530,doka,13.5167,35.7667,29.7,17,77,4.48,SD,2023-04-07
531,west bend,43.4253,-88.1834,6.92,62,0,4.12,US,2023-04-07
532,byron bay,-28.65,153.6167,22.28,66,5,5.17,AU,2023-04-07
533,la tijera,19.9,-104.4,25.65,20,0,4.85,MX,2023-04-07
534,tessalit,20.1986,1.0114,26.15,13,84,3.82,ML,2023-04-07
535,wukari,7.85,9.7833,28.86,57,74,5.07,NG,2023-04-07
536,esso,55.9333,158.7,-4.39,79,100,2.63,RU,2023-04-07
537,burnie,-41.0667,145.9167,12.75,75,54,5.03,AU,2023-04-07
538,mikuni,36.2171,136.1519,7.95,82,54,5.81,JP,2023-04-07
539,impfondo,1.6381,18.0667,23.06,85,26,0.95,CG,2023-04-07
540,teya,60.3778,92.6267,-26.89,100,70,1.98,RU,2023-04-07
541,guangyuan,32.442,105.823,12.02,81,71,0.79,CN,2023-04-07
542,troitsko-pechorsk,62.7084,56.1964,-6.06,93,50,3.4,RU,2023-04-07
543,brighton,50.8284,-0.1395,9.3,88,22,0.89,GB,2023-04-07
544,beterou,9.1992,2.2586,30.01,47,90,3.31,BJ,2023-04-07
545,kalmunai,7.4167,81.8167,25.48,74,25,0.49,LK,2023-04-07
546,pangnirtung,66.1451,-65.7125,-19.0,84,0,4.12,CA,2023-04-07
547,flinders,-34.5833,150.8552,17.88,73,45,3.13,AU,2023-04-07
548,tymovskoye,50.8456,142.655,-2.26,89,83,2.34,RU,2023-04-07
549,pimentel,-6.8367,-79.9342,31.16,62,40,4.63,PE,2023-04-07
550,noumea,-22.2763,166.4572,25.56,99,2,1.58,NC,2023-04-07
551,mrkonjic grad,44.4158,17.0861,2.9,79,100,1.51,BA,2023-04-07
552,maningrida,-12.0667,134.2667,25.26,91,98,2.73,AU,2023-04-07
553,richards bay,-28.783,32.0377,20.28,94,1,0.98,ZA,2023-04-07
554,beckley,37.7782,-81.1882,9.27,87,100,3.6,US,2023-04-07
555,yumen,40.2833,97.2,5.45,14,0,5.28,CN,2023-04-07
556,sotouboua,8.5667,0.9833,24.02,71,98,1.73,TG,2023-04-07
557,paamiut,61.994,-49.6678,-0.61,87,45,7.65,GL,2023-04-07
558,tilhar,27.9833,79.7333,21.75,30,0,2.79,IN,2023-04-07
559,mocuba,-16.8392,36.9856,21.14,89,33,1.03,MZ,2023-04-07
560,north bend,43.4065,-124.2243,12.36,86,100,6.69,US,2023-04-07
561,pisco,-13.7,-76.2167,28.03,65,20,7.2,PE,2023-04-07
562,jaffna,9.6685,80.0074,26.57,75,5,4.09,LK,2023-04-07
563,ankang,32.68,109.0172,11.99,49,100,0.94,CN,2023-04-07
564,brae,60.3964,-1.353,6.68,92,46,6.42,GB,2023-04-07
